{
  "item": {
    "exact_match": 0.10359760159893404,
    "precision_micro": 0.771596713302243,
    "recall_micro": 0.5573915135958931,
    "f1_micro": 0.6472314068830625,
    "precision_macro": 0.10064304956116212,
    "recall_macro": 0.13043478260869565,
    "f1_macro": 0.11210546734815022,
    "roc_auc": 0.9203829327721726,
    "pr_auc": 0.7710749955979825
  },
  "color": {
    "exact_match": 0.7388407728181212,
    "precision_micro": 0.9807628247834776,
    "recall_micro": 0.9622518179589836,
    "f1_micro": 0.9714191446364498,
    "precision_macro": 0.560435899876273,
    "recall_macro": 0.5714285714285714,
    "f1_macro": 0.5656112558592005,
    "roc_auc": 0.986765684588219,
    "pr_auc": 0.99113627798184
  },
  "style": {
    "exact_match": 0.5156562291805463,
    "precision_micro": 0.8405507439484788,
    "recall_micro": 0.8860018726591761,
    "f1_micro": 0.8626780626780627,
    "precision_macro": 0.22924111198594874,
    "recall_macro": 0.2727272727272727,
    "f1_macro": 0.2466014726497188,
    "roc_auc": 0.9583095191455264,
    "pr_auc": 0.9179775523548787
  },
  "season": {
    "exact_match": 0.9480346435709527,
    "precision_micro": 0.9821230290917167,
    "recall_micro": 1.0,
    "f1_micro": 0.9909808974287155,
    "precision_macro": 0.9821230290917166,
    "recall_macro": 1.0,
    "f1_macro": 0.9908993428226319,
    "roc_auc": 0.7394043025325745,
    "pr_auc": 0.992437979128762
  }
}