{
  "RandomForest": {
    "item": {
      "exact_match": 0.07540214477211796,
      "precision_micro": 0.7568944512127589,
      "recall_micro": 0.5510845899524232,
      "f1_micro": 0.6377974801679889,
      "precision_macro": 0.1550537045367047,
      "recall_macro": 0.13148532166870228,
      "f1_macro": 0.12560642411168005,
      "roc_auc": 0.9120927579439422,
      "pr_auc": 0.7604081105697588
    },
    "color": {
      "exact_match": 0.7362600536193029,
      "precision_micro": 0.9802747298768741,
      "recall_micro": 0.9620632963419646,
      "f1_micro": 0.9710836375705277,
      "precision_macro": 0.5603393757155469,
      "recall_macro": 0.5713734780452867,
      "f1_macro": 0.5655296567092817,
      "roc_auc": 0.9830415313528824,
      "pr_auc": 0.9867728050754542
    },
    "style": {
      "exact_match": 0.5016756032171582,
      "precision_micro": 0.8503276238648121,
      "recall_micro": 0.8686002818224519,
      "f1_micro": 0.8593668312518152,
      "precision_macro": 0.2302502743814712,
      "recall_macro": 0.2654161704380045,
      "f1_macro": 0.24499148130561837,
      "roc_auc": 0.9539571110392983,
      "pr_auc": 0.9149963239278127
    },
    "season": {
      "exact_match": 0.9480563002680965,
      "precision_micro": 0.9823483409674897,
      "recall_micro": 0.999886286104162,
      "f1_micro": 0.9910397295012681,
      "precision_macro": 0.9823456318003388,
      "recall_macro": 0.999883409117407,
      "f1_macro": 0.9909623652631074,
      "roc_auc": 0.6856055480865838,
      "pr_auc": 0.990795274053063
    }
  }
}